{
  "Petición HTTP" : {
    "transaction" : "Petición HTTP",
    "sampleCount" : 170,
    "errorCount" : 170,
    "errorPct" : 100.0,
    "meanResTime" : 10550.405882352941,
    "medianResTime" : 3308.5,
    "minResTime" : 530.0,
    "maxResTime" : 94621.0,
    "pct1ResTime" : 19964.8,
    "pct2ResTime" : 71710.74999999999,
    "pct3ResTime" : 94616.03,
    "throughput" : 1.6675004168751042,
    "receivedKBytesPerSec" : 1.1795113242895958,
    "sentKBytesPerSec" : 0.34481280162139893
  },
  "Total" : {
    "transaction" : "Total",
    "sampleCount" : 170,
    "errorCount" : 170,
    "errorPct" : 100.0,
    "meanResTime" : 10550.405882352941,
    "medianResTime" : 3308.5,
    "minResTime" : 530.0,
    "maxResTime" : 94621.0,
    "pct1ResTime" : 19964.8,
    "pct2ResTime" : 71710.74999999999,
    "pct3ResTime" : 94616.03,
    "throughput" : 1.6675004168751042,
    "receivedKBytesPerSec" : 1.1795113242895958,
    "sentKBytesPerSec" : 0.34481280162139893
  }
}